Smartphone,Screen Protector,Earbuds,Ring Light,SSD
Laptop,Laptop Bag,Keyboard
SSD,Monitor,Microphone,USB Hub
HDMI Cable,Smart Watch
Laptop,Router,Tablet
DSLR,SD Card,Tripod,Camera Bag,Power Bank,Tablet
SSD,USB Hub,HDMI Cable,Microphone,Power Bank
Laptop,Mouse,Laptop Bag,Keyboard
Headphones,Power Bank,Printer,Microphone
DSLR,SD Card,Tripod,Headphones
Laptop,Mouse,Router,Smart Watch
Laptop,Mouse,SSD,Headphones
Laptop
DSLR,Tripod
Laptop,Laptop Bag,Keyboard
Laptop,Laptop Bag,Keyboard,Tablet,Headphones
Tablet,Mechanical Keyboard
Laptop,Mouse,Laptop Bag,Tablet
Laptop,Mouse,Laptop Bag
Smartphone,Charger
Smartphone,Charger,Screen Protector,Headphones,Microphone
DSLR,Tripod,Camera Bag,Tablet,Microphone
Laptop,Laptop Bag,Keyboard
Smartphone,Charger,Screen Protector,Earbuds,Ring Light
Laptop,Mouse,Laptop Bag,Monitor
Tablet,Headphones
Smartphone,Charger,Screen Protector,Earbuds,HDMI Cable
Smartphone,Charger,Screen Protector,Earbuds
HDMI Cable,Smart Watch,SSD,Headphones,Router
Laptop,Mouse,Laptop Bag
HDMI Cable,Power Bank,Smart Watch,Gaming Mouse
SSD,Gaming Mouse,Headphones,Printer
Headphones,Smart Watch,Power Bank,Ring Light,SSD
Laptop,Keyboard,SSD
DSLR,SD Card,Gaming Mouse,Mechanical Keyboard
Headphones,Router,Tablet,Power Bank,Monitor
DSLR,SD Card,Camera Bag,Webcam,Tablet
Laptop,Mouse,Laptop Bag,Keyboard,USB Hub
DSLR,SD Card,Tripod,Camera Bag,Mechanical Keyboard
Laptop,Laptop Bag
Laptop,Laptop Bag,Monitor
Laptop,Mouse,Laptop Bag,Keyboard,Router,Monitor
Printer,Tablet,HDMI Cable,SSD
Smartphone,Charger,Screen Protector
Laptop,Mouse,Laptop Bag
Smartphone,Charger,Screen Protector
DSLR,SD Card,Tripod,Camera Bag
DSLR,Tripod,Camera Bag
Laptop,Laptop Bag,Smart Watch
DSLR,SD Card
Headphones,Monitor,Router
Smartphone,Charger,Screen Protector,Earbuds,Monitor,Webcam
Microphone,Printer,SSD
DSLR,SD Card,Tripod,Mechanical Keyboard
Laptop,Laptop Bag,Keyboard,Printer
Smartphone,USB Hub
Laptop,Mouse,Laptop Bag,Keyboard
Laptop,Mouse,Laptop Bag,USB Hub
Laptop,Laptop Bag,Smart Watch,Power Bank
Laptop,Mouse,Laptop Bag,Keyboard,Ring Light
Laptop,Mouse,Laptop Bag,Keyboard,USB Hub
Laptop,Mouse,Laptop Bag,Keyboard
Smart Watch,Mechanical Keyboard,Printer,Microphone,Power Bank
Laptop,Mouse,Keyboard,Smart Watch,Microphone
Smart Watch,Microphone,Router,Power Bank,Monitor
Laptop,Mouse,Laptop Bag,Keyboard
DSLR,SD Card
Laptop,Mouse,Laptop Bag,Power Bank
DSLR,SD Card,Tripod,Camera Bag,Ring Light
DSLR,Tripod,Webcam
Smartphone,Screen Protector,Earbuds
DSLR,Gaming Mouse,Headphones
DSLR,Tripod,Webcam,Router
Smartphone,Charger,Screen Protector,Earbuds,SSD,Monitor
DSLR,SD Card,Mechanical Keyboard,Tablet
DSLR,SD Card,Camera Bag,USB Hub
DSLR,SD Card,Tripod,Camera Bag,HDMI Cable,Ring Light
Laptop,Mouse
Laptop,Mouse,Laptop Bag
Smartphone,Screen Protector,HDMI Cable
Smartphone,Charger,Screen Protector,Earbuds
USB Hub,Router,SSD,Smart Watch
Laptop,Mouse,Laptop Bag
DSLR,Camera Bag,Monitor,Ring Light
Smartphone,Charger,Screen Protector,Earbuds,SSD,Tablet
DSLR,SD Card
Smartphone,Charger,Screen Protector,Microphone,Ring Light
DSLR,SD Card,Tripod,Camera Bag
Laptop,Mouse,Laptop Bag,Keyboard,Headphones
DSLR,SD Card,Tripod,Camera Bag,Printer,Gaming Mouse
Laptop,Mouse,Laptop Bag
Smartphone,Charger,Screen Protector,Earbuds,Tablet
Smartphone,Charger,Screen Protector,Power Bank,Webcam
Smartphone,Screen Protector
Smartphone,Charger,Screen Protector,Earbuds,Microphone,Tablet
Smartphone,Charger,SSD,Mechanical Keyboard
DSLR,SD Card,Tripod,Webcam
Smartphone,Charger,Screen Protector,Earbuds
Smartphone,Screen Protector,Earbuds,Printer
Smartphone,Charger,Screen Protector,Earbuds
Laptop,Mouse,Keyboard,Router
Smartphone,Screen Protector,Earbuds,Printer,Router
Laptop,Laptop Bag,Keyboard,USB Hub,SSD
Smartphone,Charger,Screen Protector,USB Hub
Laptop,Laptop Bag,Printer,Router
Smartphone,Charger
Laptop,Mouse,Laptop Bag
Smartphone,Charger,Earbuds
Laptop,Mouse,Keyboard
Router,Webcam,USB Hub,Gaming Mouse
Router,Smart Watch,HDMI Cable
DSLR,SD Card,Tripod
Laptop,Mouse,Laptop Bag,Keyboard
Webcam,Router,Gaming Mouse,HDMI Cable
DSLR,SD Card,Tripod
Smartphone,Charger,USB Hub
Smartphone,Screen Protector
Smartphone,Charger,Screen Protector,Microphone
Smartphone,Charger,Earbuds,USB Hub
Smartphone,Charger,Screen Protector,Earbuds,Monitor
Smartphone,Charger,Screen Protector,Earbuds,HDMI Cable,Microphone
Laptop,Laptop Bag,Gaming Mouse
Smartphone,Earbuds
Mechanical Keyboard,Power Bank
Laptop,Mouse,Laptop Bag
Laptop,Mouse
Laptop,Mouse,Laptop Bag,Microphone
Smartphone,Charger,Screen Protector,Earbuds,SSD,Monitor
Smartphone,Screen Protector,Printer,Gaming Mouse
DSLR,Tripod,Power Bank
Laptop,Laptop Bag,Keyboard,Power Bank
Webcam,HDMI Cable
Monitor,Mechanical Keyboard
DSLR
Smartphone,Charger,Screen Protector,Smart Watch,Gaming Mouse
Headphones,Printer,Webcam,Microphone
Laptop,Laptop Bag,Keyboard
Laptop,Mouse,Laptop Bag,Router,SSD
DSLR,SD Card,Camera Bag
Smartphone,Charger,Screen Protector,Earbuds,Power Bank
Smartphone,Charger,Screen Protector,Power Bank
DSLR,Camera Bag,Headphones,USB Hub
DSLR,SD Card,Tripod,Camera Bag,Power Bank
Laptop,Laptop Bag,USB Hub,Monitor
SSD,Power Bank,Smart Watch,Mechanical Keyboard
Laptop,Mouse,Laptop Bag,Keyboard,Ring Light
Smartphone,Charger,Screen Protector,Ring Light
Smartphone,Charger,Screen Protector,Earbuds,Smart Watch,Headphones
Smartphone,Charger,Screen Protector,Router
Laptop,Gaming Mouse,Microphone
DSLR,SD Card,Tripod
DSLR,Camera Bag,HDMI Cable
Ring Light,Mechanical Keyboard,Smart Watch,Gaming Mouse,USB Hub
DSLR,SD Card,Tripod
SSD,Ring Light,Gaming Mouse
DSLR,SD Card,Tripod,Tablet
Smartphone,Screen Protector,SSD
Smartphone,Charger,Screen Protector,Power Bank
Laptop,Ring Light,USB Hub
Smartphone,Charger,Power Bank,Ring Light
DSLR,SD Card,Tripod,Camera Bag
Smartphone,Screen Protector
Gaming Mouse,SSD,USB Hub,Mechanical Keyboard
DSLR,SD Card,Camera Bag,Gaming Mouse
Smartphone,Charger,Router,SSD
Laptop,Mouse,Printer,USB Hub
Laptop,Keyboard
Smartphone,Charger,Screen Protector
Smartphone,Charger,Screen Protector,Earbuds,Gaming Mouse
Laptop,Mouse,Laptop Bag,Tablet,Smart Watch
Laptop,Mouse,Keyboard,Ring Light,Router
Webcam,Smart Watch,Headphones,Tablet
Smartphone,Charger,Screen Protector,SSD,Printer
Smartphone,Charger,Screen Protector,Ring Light
DSLR,Tripod,Camera Bag,Smart Watch,Gaming Mouse
DSLR,SD Card,Camera Bag
Laptop,Mouse,Laptop Bag,USB Hub,Router
Smartphone,Charger,Screen Protector,Earbuds,Printer
Laptop,Mouse,Keyboard
Laptop,Mouse,Laptop Bag,Keyboard,SSD
Laptop,Mouse,Keyboard
DSLR,SD Card,Camera Bag
Smartphone,Charger,Screen Protector,Webcam
USB Hub,Smart Watch,Power Bank,Monitor,Microphone
Smartphone,Earbuds,Monitor
Headphones,USB Hub,Smart Watch,Monitor
Laptop,Keyboard
Microphone,USB Hub,Gaming Mouse
Smart Watch,Printer,Webcam
Laptop,Mouse,Laptop Bag,Headphones
Smartphone,Screen Protector,Earbuds
Laptop,Mouse,Laptop Bag,Smart Watch,Monitor
Laptop,Mouse,Laptop Bag,Headphones,HDMI Cable
Smartphone,Screen Protector,Router,Microphone
DSLR,SD Card
Microphone,Headphones,Ring Light,SSD
Smartphone,Charger,Screen Protector,Earbuds,HDMI Cable
Laptop,Mouse,Laptop Bag,Headphones
Smartphone,Charger,Screen Protector,Webcam
Smart Watch,Monitor,Ring Light,Microphone,HDMI Cable
Laptop,Mouse,Laptop Bag
Router,Printer,Ring Light,HDMI Cable
Laptop,Mouse,Laptop Bag,Keyboard,Webcam
Smartphone,Charger,Screen Protector,Earbuds,Headphones,Gaming Mouse
Laptop,Mouse,Laptop Bag,Printer
DSLR,Tripod,Camera Bag,Gaming Mouse
Router,Microphone,Monitor,Printer,Headphones
Smartphone,Charger,Screen Protector,Earbuds,Ring Light
Laptop,Mouse,Keyboard,Microphone
Smartphone,Charger,Screen Protector,Earbuds
Printer,Power Bank,Microphone,Tablet,Gaming Mouse
Laptop,Laptop Bag,SSD
Webcam,HDMI Cable,Smart Watch,Power Bank,Tablet
DSLR,Tripod,HDMI Cable,Microphone
Smartphone,Charger,Screen Protector,Earbuds
SSD,Microphone,Headphones,Webcam
Smartphone,Charger,Screen Protector
Smartphone,Screen Protector,Earbuds,Gaming Mouse
DSLR,SD Card,Tripod
Smartphone,Charger,Screen Protector,Earbuds,Printer,Router
Smartphone,Charger,Screen Protector
Laptop,Mouse,Laptop Bag,Gaming Mouse
DSLR,SD Card,Tripod,Camera Bag,Gaming Mouse,Printer
Laptop,Mouse,Laptop Bag,Tablet,Smart Watch
Laptop,Mouse,Laptop Bag,Webcam
Laptop,Mouse,Laptop Bag,SSD,Headphones
Smartphone,Screen Protector,Headphones
Laptop,Mouse,Laptop Bag,Keyboard,Router,Headphones
Gaming Mouse,Power Bank,Webcam,Smart Watch,Tablet
Smartphone,Charger,Screen Protector,Earbuds
Microphone,HDMI Cable,Webcam
Smartphone,Charger,Screen Protector
Laptop,Laptop Bag,Power Bank
DSLR,Tripod,Tablet,HDMI Cable
Smartphone,Charger,Screen Protector
DSLR,SD Card,Smart Watch
Laptop,Laptop Bag
Smartphone,Charger,Screen Protector
Smartphone,Charger,Screen Protector,Gaming Mouse,Router
Smartphone,Screen Protector,Earbuds
Laptop,Laptop Bag,Keyboard,Router
Smartphone,Screen Protector,Microphone,Gaming Mouse
DSLR,SD Card,Tripod
Laptop,Mouse,Laptop Bag,SSD
Laptop,Mouse,Laptop Bag,Keyboard,Webcam
DSLR,SD Card,Tripod,Camera Bag,Router
Router,Headphones,Tablet,Webcam,Gaming Mouse
Smartphone,Charger,Screen Protector,USB Hub
Laptop,Mouse,Keyboard
Webcam,Printer,Monitor,Tablet
Laptop,Laptop Bag,Keyboard
SSD,Webcam
Smartphone,Charger,Screen Protector,Earbuds
DSLR,SD Card,Tripod,Monitor,SSD
Router,Smart Watch,HDMI Cable
Router,Headphones,Webcam,Monitor
HDMI Cable,Ring Light,SSD,Printer,Monitor
DSLR,SD Card,Tripod,Camera Bag,Tablet
Smartphone,Screen Protector,Printer,Tablet
USB Hub,Router
DSLR,SD Card,Camera Bag,HDMI Cable
Laptop,Mouse,Laptop Bag
DSLR,SD Card
DSLR,Tripod
Laptop,Laptop Bag
DSLR,SD Card,Tripod,Microphone,Gaming Mouse
Router,Power Bank,Printer,Microphone
DSLR,SD Card,Tripod,Camera Bag,USB Hub,Tablet
Laptop,Laptop Bag,Keyboard,Mechanical Keyboard,Router
Laptop
Webcam,Ring Light,HDMI Cable,Monitor,Mechanical Keyboard
Smartphone,Charger,Screen Protector,Smart Watch,Tablet
DSLR,SD Card,Tripod,Mechanical Keyboard
Laptop,Mouse,Keyboard,Power Bank
Laptop,Mouse,Laptop Bag,Keyboard,Printer,Tablet
DSLR,SD Card,Tripod,Camera Bag,Webcam
Laptop,Mouse
Smartphone,Charger,Screen Protector,Earbuds
Gaming Mouse,Power Bank
Gaming Mouse,Microphone,Webcam,Smart Watch,Ring Light
DSLR,SD Card,HDMI Cable,Microphone
USB Hub,SSD,Microphone,HDMI Cable,Monitor
Laptop,Mouse,Printer
Laptop,Mouse,Laptop Bag,Printer
Tablet,HDMI Cable,Mechanical Keyboard,SSD,Smart Watch
Headphones,USB Hub,SSD,Tablet
Microphone,Power Bank,Smart Watch,Ring Light
DSLR,Gaming Mouse
Smartphone,Charger,Screen Protector
DSLR,SD Card,Tripod,Camera Bag,Router,Smart Watch
Smart Watch,Headphones,Ring Light
DSLR,SD Card,Tripod,Camera Bag,Tablet,Ring Light
Laptop,Mouse,Laptop Bag,Tablet,Router
Smartphone,Charger,Screen Protector,SSD
Laptop,Keyboard,USB Hub
Smartphone,Charger,Screen Protector,Earbuds,Monitor,USB Hub
Laptop
HDMI Cable,Power Bank,Headphones,Router,Gaming Mouse
USB Hub,SSD,Printer,Headphones,Router
DSLR,Tripod,Smart Watch,Monitor
Laptop,Mouse,Laptop Bag
Laptop,Mouse,Laptop Bag,HDMI Cable,Monitor
Laptop,Laptop Bag,Keyboard,Gaming Mouse
Smartphone,Charger,Screen Protector,HDMI Cable,USB Hub
Smartphone,Charger,Screen Protector,Earbuds,Gaming Mouse
DSLR,SD Card,Tripod,Camera Bag,Printer
Laptop,Mouse,Laptop Bag,Headphones
Mechanical Keyboard,Gaming Mouse
Smart Watch,Printer,Microphone
Headphones,Power Bank,SSD
Tablet,Power Bank
Laptop,Mouse,Laptop Bag,Tablet,Microphone
Smartphone,Charger,Screen Protector,SSD
DSLR,SD Card,Tripod,Camera Bag,Microphone
Smartphone,Screen Protector
DSLR,SD Card
DSLR,SD Card,Tripod,Smart Watch
Smartphone,Charger,Screen Protector,Tablet,Power Bank
Smartphone,Charger,Screen Protector,Power Bank
DSLR,SD Card,Tripod,Camera Bag,Printer,Power Bank
DSLR,SD Card
DSLR,SD Card,Tripod,Tablet
Smartphone,Charger,Screen Protector,Ring Light
Smartphone,Charger,Mechanical Keyboard,Router
Smartphone,Charger,Screen Protector,Earbuds,USB Hub
Gaming Mouse,Mechanical Keyboard,HDMI Cable,Ring Light,Printer
Laptop,Mouse,Laptop Bag
Laptop,Laptop Bag,Microphone
Laptop,Mouse,Laptop Bag,Headphones,Printer
Laptop,Mouse,Webcam
DSLR,SD Card,Tripod,Camera Bag
Laptop,Mouse,Keyboard,Smart Watch
Monitor,Microphone
Laptop,Mouse,Printer
Gaming Mouse,Mechanical Keyboard,Power Bank,Ring Light,Headphones
Laptop,Mouse,Keyboard
Laptop,Mouse,Laptop Bag,HDMI Cable
Headphones,Printer
Laptop,Keyboard
DSLR,SD Card,Camera Bag,SSD,Mechanical Keyboard
Smartphone,Charger,Tablet
USB Hub,Router,Webcam,Monitor
DSLR,SD Card,Tripod,Camera Bag,Tablet,Webcam
Smartphone,Charger,Screen Protector,Earbuds,Ring Light,SSD
Laptop,Laptop Bag,Keyboard,Webcam,HDMI Cable
Power Bank,Router
Smartphone,Charger,Power Bank,Mechanical Keyboard
Laptop,Mouse,Laptop Bag,Mechanical Keyboard
Smartphone,Charger,Screen Protector,Monitor
Smartphone,Charger,Screen Protector
DSLR,SD Card,Tripod,Ring Light,HDMI Cable
Smartphone,Charger,Screen Protector,Mechanical Keyboard
Laptop,Laptop Bag,Printer,USB Hub
Smartphone,Charger,Router,Monitor
DSLR,SD Card,Tripod,Camera Bag
DSLR,SD Card,Tripod
Smartphone,Charger,Screen Protector,Earbuds,Router
Smartphone,Charger,Screen Protector,Headphones,Ring Light
Laptop,Mouse
Smartphone,Charger,Screen Protector,Earbuds,SSD,Webcam
DSLR,SD Card,Tripod,Power Bank,Printer
Laptop,Mouse,Laptop Bag,Gaming Mouse
Smartphone,Charger,Screen Protector,Webcam,Tablet
Laptop,Laptop Bag,Router,Printer
Laptop
Smartphone,Charger,Screen Protector,Earbuds,Monitor
Microphone,Tablet,Router,SSD
Smartphone,Charger,Screen Protector,Earbuds,Microphone,Headphones
Smartphone,Charger
Smartphone,Charger,Earbuds,Power Bank,Ring Light
DSLR,Tripod,Camera Bag,Smart Watch
Laptop,Mouse,Router
Laptop,Laptop Bag,Keyboard
Router,Webcam,Microphone,SSD
Smartphone,Screen Protector,Ring Light,HDMI Cable
Laptop,Laptop Bag,Webcam,Smart Watch
HDMI Cable,Router,SSD
Smartphone,Earbuds,Monitor,Router
Mechanical Keyboard,SSD,Power Bank
HDMI Cable,USB Hub
Headphones,Monitor,Mechanical Keyboard,Tablet
Smartphone,Charger,Screen Protector,Earbuds,Printer
DSLR,Tripod,Power Bank
Laptop,Mouse,Laptop Bag,Keyboard,Tablet
DSLR,Tripod,Camera Bag,Webcam
Smartphone,Screen Protector,Earbuds,Mechanical Keyboard,USB Hub
Smartphone,Screen Protector,Earbuds,Gaming Mouse
Smartphone,Charger,Screen Protector,HDMI Cable,Tablet
Laptop,Laptop Bag,Keyboard,Mechanical Keyboard,SSD
Smartphone,Charger
Smartphone,Screen Protector
DSLR,SD Card,Tripod,USB Hub
Smartphone,Charger,Screen Protector,Router
Smartphone,Charger,Screen Protector,Earbuds
Smartphone,Charger,Earbuds,Headphones
Laptop,Mouse
Smartphone,Charger,Screen Protector,Earbuds,USB Hub
Smartphone,Charger,Screen Protector,USB Hub
Laptop,Mouse,Laptop Bag,Microphone
Smartphone,Charger,USB Hub,Mechanical Keyboard
HDMI Cable,Headphones,Tablet,Monitor,Ring Light
DSLR,SD Card,Tripod
Webcam,Mechanical Keyboard,Gaming Mouse,HDMI Cable,Tablet
Smart Watch,Power Bank
Power Bank,SSD,Smart Watch,Microphone
Printer,Monitor
HDMI Cable,Tablet,Printer,Headphones
DSLR,SD Card,SSD
Laptop,Keyboard,Router,USB Hub
DSLR,SD Card,Tripod,Camera Bag,HDMI Cable,Router
SSD,USB Hub
Laptop,Mouse,Laptop Bag,Power Bank,SSD
Laptop,Mouse,Laptop Bag,Keyboard,USB Hub
Smartphone,Charger,Screen Protector,USB Hub
Smartphone,Charger,Screen Protector,Earbuds
Laptop,Mechanical Keyboard,Ring Light
Smartphone,Charger,Screen Protector,Earbuds
Laptop,Mouse,Laptop Bag,Keyboard
Smartphone,Charger,Screen Protector,Earbuds
Webcam,Power Bank
SSD,Printer,Monitor
DSLR,SD Card,Tripod,Camera Bag,Power Bank
DSLR,SD Card,Tripod,Camera Bag,Power Bank
Router,Power Bank
Laptop,Mouse,Laptop Bag,HDMI Cable,SSD
Laptop,Mouse,Laptop Bag,Keyboard
Laptop,Laptop Bag
DSLR,SD Card,Webcam,Smart Watch
DSLR,SD Card,Camera Bag
DSLR,SD Card,Tripod,Camera Bag
Smartphone,Charger,Printer,Router
Laptop,Laptop Bag,Ring Light
Laptop,Laptop Bag,Keyboard,Tablet,Ring Light
Laptop,Mouse,Laptop Bag,USB Hub
Smart Watch,Tablet,Printer,Ring Light
DSLR,Tripod
Smartphone,Charger,Screen Protector
Laptop,Laptop Bag,Keyboard,Ring Light,Monitor
Smartphone,Earbuds,Gaming Mouse
USB Hub,Router,Headphones
Smartphone,Charger,Screen Protector,Tablet,SSD
Laptop,Mouse,Laptop Bag,Webcam,Router
DSLR,SD Card,Camera Bag
Smartphone,Charger,Screen Protector,Earbuds,Tablet
Laptop,Mouse,Laptop Bag,HDMI Cable
Laptop,Mouse,Mechanical Keyboard
Laptop,Laptop Bag
Smartphone,Charger,Screen Protector,Ring Light
Laptop,Mouse
Smartphone,Charger,Screen Protector,Router,USB Hub
Printer,Headphones
Smart Watch,Mechanical Keyboard,Power Bank
Printer,Ring Light,Headphones,Router
Smartphone,Charger,Screen Protector
Laptop,Mouse,Laptop Bag,Keyboard,Webcam
Smartphone,Screen Protector,Webcam,SSD
SSD,Microphone,Ring Light,Router
Laptop,Mouse,Laptop Bag,Keyboard
DSLR,Camera Bag,Tablet,Headphones
SSD,Printer,Microphone,Tablet,Gaming Mouse
Gaming Mouse,Ring Light,Smart Watch
Laptop,Laptop Bag,Keyboard,Smart Watch
Printer,Monitor,SSD
Laptop,Laptop Bag,Monitor
Smartphone,Charger,Earbuds
Smartphone,Charger,Screen Protector,Power Bank,Smart Watch
DSLR,SD Card,Tripod,Camera Bag,Printer
Laptop,Mouse,Keyboard
Smartphone,Charger,Screen Protector,Earbuds,Microphone,Smart Watch
HDMI Cable,Smart Watch
Laptop,Laptop Bag,Keyboard
Smartphone,Charger,Screen Protector,Earbuds,Tablet,Power Bank
Smartphone,Earbuds,Router
DSLR,SD Card,Tripod
Smartphone,Charger,Screen Protector,Tablet
Smartphone,Screen Protector,Earbuds
Printer,Router,Smart Watch
Smartphone,Charger,Earbuds,Microphone,Ring Light
DSLR,SD Card
DSLR,Tripod
Smartphone,Charger,Screen Protector,Earbuds
Laptop,Keyboard,Mechanical Keyboard
Smartphone,Charger,Screen Protector,Mechanical Keyboard
Smartphone,Charger,Screen Protector,Earbuds
Smartphone,Charger,Screen Protector,Earbuds,Microphone,SSD
DSLR,Tripod,Camera Bag,Mechanical Keyboard
DSLR,Camera Bag,Monitor
Laptop,Keyboard,USB Hub
Smart Watch,Power Bank
DSLR,Tripod,Camera Bag
Headphones,HDMI Cable,Monitor,Webcam
DSLR,SD Card,Tripod,SSD,Gaming Mouse
Smart Watch,HDMI Cable,Headphones,Printer,Monitor
Smartphone,Charger,Screen Protector,Ring Light
Laptop,Keyboard,Ring Light
Laptop,Mouse,Laptop Bag
Smartphone,Charger,Screen Protector,Earbuds,USB Hub
Smartphone,Charger,Screen Protector,Tablet,SSD
Laptop,Mouse,Laptop Bag,Headphones,Monitor
Smartphone,Charger,Screen Protector,Webcam,SSD
